{
  "dependencies": {
    "particles": [
      {
        "path": "data/hd/vfx/particles/character/enemy/valkyrie/valkyrie_aura.particles"
      }
    ],
    "models": [
      {
        "path": "data/hd/objects/armor_weapons/armor_stand_1/model/torso.model"
      }
    ],
    "skeletons": [
      {
        "path": "data/hd/objects/armor_weapons/armor_stand_1/skeleton/armor_stand_1.skeleton"
      }
    ],
    "animations": [],
    "textures": [
      {
        "path": "data/hd/objects/armor_weapons/armor_stand_1/texture/Amazon_LightArmour_alb.texture"
      },
      {
        "path": "data/hd/objects/armor_weapons/armor_stand_1/texture/Amazon_LightArmour_nrm.texture"
      },
      {
        "path": "data/hd/objects/armor_weapons/armor_stand_1/texture/Amazon_LightArmour_orm.texture"
      },
      {
        "path": "data/hd/objects/armor_weapons/armor_stand_1/texture/objects_armor_weapons_armor_stand_1_alb.texture"
      },
      {
        "path": "data/hd/objects/armor_weapons/armor_stand_1/texture/objects_armor_weapons_armor_stand_1_nrm.texture"
      },
      {
        "path": "data/hd/objects/armor_weapons/armor_stand_1/texture/objects_armor_weapons_armor_stand_1_orm.texture"
      }
    ],
    "physics": [],
    "json": [
      {
        "path": "data/hd/objects/armor_weapons/armor_stand_1/armor_stand_1_state_machine.json"
      }
    ],
    "variantdata": [],
    "objecteffects": [],
    "other": []
  },
  "type": "UnitDefinition",
  "name": "armor_stand_1",
  "entities": [
    {
      "type": "Entity",
      "name": "entity_root",
      "id": 756161164,
      "components": [
        {
          "type": "UnitRootComponent",
          "name": "component_root",
          "state_machine_filename": "data/hd/objects/armor_weapons/armor_stand_1/armor_stand_1_state_machine.json",
          "doNotInheritRotation": false,
          "rotationOverride": {
            "x": 0.0,
            "y": 0.3826834,
            "z": 0.0,
            "w": 0.9238795
          },
          "doNotUseHDHeight": false,
          "hideAllMeshWhenInOpenedMode": false,
          "onCreateEventName": "",
          "animations": []
        },
        {
          "type": "SkeletonDefinitionComponent",
          "name": "component_skeleton",
          "filename": "data/hd/objects/armor_weapons/armor_stand_1/skeleton/armor_stand_1.skeleton"
        }
      ]
    },
    {
      "type": "Entity",
      "name": "entity_torso",
      "id": 1322093337,
      "components": [
        {
          "type": "UnitPartComponent",
          "name": "component_part_torso",
          "part": "torso",
          "variant": "lit"
        },
        {
          "type": "ModelDefinitionComponent",
          "name": "component_model_torso",
          "filename": "data/hd/objects/armor_weapons/armor_stand_1/model/torso.model",
          "visibleLayers": 1,
          "lightMask": 19,
          "shadowMask": 3,
          "ghostShadows": false,
          "floorModel": false,
          "terrainBlendEnableYUpBlend": false,
          "terrainBlendMode": 1
        }
      ]
    },
    {
      "type": "Entity",
      "name": "entity_root",
      "id": 1259551842,
      "components": [
        {
          "type": "VfxDefinitionComponent",
          "name": "entity_root_VfxDefinition",
          "filename": "data/hd/vfx/particles/character/enemy/valkyrie/valkyrie_aura.particles",
          "hardKillOnDestroy": false
        },
        {
            "type": "TransformDefinitionComponent",
            "name": "vfx_TransformDefinition",
            "position": {
                "x": 0.0,
                "y": -1.0,
                "z": 1.0
            },
            "orientation": {
                "x": 0.0,
                "y": 0.0,
                "z": 0.0,
                "w": 1.0
            },
            "scale": {
                "x": 1.0,
                "y": 1.0,
                "z": 1.0
            },
            "inheritOnlyPosition": false
        }
      ]
    }
  ]
}
