{
  "dependencies": {
    "particles": [
      {
        "path": "data/hd/vfx/particles/character/enemy/valkyrie/valkyrie_aura.particles"
      }
    ],
    "models": [
      {
        "path": "data/hd/objects/armor_weapons/weapon_rack_1/model/torso.model"
      }
    ],
    "skeletons": [
      {
        "path": "data/hd/objects/armor_weapons/weapon_rack_1/skeleton/weapon_rack_1.skeleton"
      }
    ],
    "animations": [],
    "textures": [
      {
        "path": "data/hd/items/weapon/axe/_monsters/skeleton_axe/weapon_skeleton_axe_ALB.texture"
      },
      {
        "path": "data/hd/items/weapon/axe/_monsters/skeleton_axe/weapon_skeleton_axe_NRM.texture"
      },
      {
        "path": "data/hd/items/weapon/axe/_monsters/skeleton_axe/weapon_skeleton_axe_ORM.texture"
      },
      {
        "path": "data/hd/items/weapon/bow/crossbow/weapon_crossbow_ALB.texture"
      },
      {
        "path": "data/hd/items/weapon/bow/crossbow/weapon_crossbow_NRM.texture"
      },
      {
        "path": "data/hd/items/weapon/bow/crossbow/weapon_crossbow_ORM.texture"
      },
      {
        "path": "data/hd/items/weapon/polearm/voulge/weapon_voulge_ALB.texture"
      },
      {
        "path": "data/hd/items/weapon/polearm/voulge/weapon_voulge_NRM.texture"
      },
      {
        "path": "data/hd/items/weapon/polearm/voulge/weapon_voulge_ORM.texture"
      },
      { "path": "data/hd/items/weapon/spear/pike/weapon_pike_ALB.texture" },
      { "path": "data/hd/items/weapon/spear/pike/weapon_pike_NRM.texture" },
      { "path": "data/hd/items/weapon/spear/pike/weapon_pike_ORM.texture" },
      {
        "path": "data/hd/items/weapon/sword/long_sword/weapon_long_sword_ALB.texture"
      },
      {
        "path": "data/hd/items/weapon/sword/long_sword/weapon_long_sword_mask.texture"
      },
      {
        "path": "data/hd/items/weapon/sword/long_sword/weapon_long_sword_NRM.texture"
      },
      {
        "path": "data/hd/items/weapon/sword/long_sword/weapon_long_sword_ORM.texture"
      },
      {
        "path": "data/hd/items/weapon/sword/short_sword/weapon_short_sword_ALB.texture"
      },
      {
        "path": "data/hd/items/weapon/sword/short_sword/weapon_short_sword_mask.texture"
      },
      {
        "path": "data/hd/items/weapon/sword/short_sword/weapon_short_sword_NRM.texture"
      },
      {
        "path": "data/hd/items/weapon/sword/short_sword/weapon_short_sword_ORM.texture"
      },
      {
        "path": "data/hd/objects/armor_weapons/weapon_rack_1/texture/armor_weapons_weapon_rack_1_alb.texture"
      },
      {
        "path": "data/hd/objects/armor_weapons/weapon_rack_1/texture/armor_weapons_weapon_rack_1_nrm.texture"
      },
      {
        "path": "data/hd/objects/armor_weapons/weapon_rack_1/texture/armor_weapons_weapon_rack_1_orm.texture"
      }
    ],
    "physics": [],
    "json": [
      {
        "path": "data/hd/objects/armor_weapons/weapon_rack_1/weapon_rack_1_state_machine.json"
      }
    ],
    "variantdata": [],
    "objecteffects": [],
    "other": []
  },
  "type": "UnitDefinition",
  "name": "weapon_rack_2",
  "entities": [
    {
      "type": "Entity",
      "name": "entity_root",
      "id": 2951210841,
      "components": [
        {
          "type": "UnitRootComponent",
          "name": "component_root",
          "state_machine_filename": "data/hd/objects/armor_weapons/weapon_rack_1/weapon_rack_1_state_machine.json",
          "doNotInheritRotation": false,
          "rotationOverride": {
            "x": 0.0,
            "y": 0.3826834,
            "z": 0.0,
            "w": 0.9238795
          },
          "doNotUseHDHeight": false,
          "hideAllMeshWhenInOpenedMode": false,
          "onCreateEventName": "",
          "animations": []
        },
        {
          "type": "SkeletonDefinitionComponent",
          "name": "component_skeleton",
          "filename": "data/hd/objects/armor_weapons/weapon_rack_1/skeleton/weapon_rack_1.skeleton"
        }
      ]
    },
    {
      "type": "Entity",
      "name": "entity_torso",
      "id": 3823311633,
      "components": [
        {
          "type": "UnitPartComponent",
          "name": "component_part_torso",
          "part": "torso",
          "variant": "lit"
        },
        {
          "type": "ModelDefinitionComponent",
          "name": "component_model_torso",
          "filename": "data/hd/objects/armor_weapons/weapon_rack_1/model/torso.model",
          "visibleLayers": 1,
          "lightMask": 19,
          "shadowMask": 3,
          "ghostShadows": false,
          "floorModel": false,
          "terrainBlendEnableYUpBlend": false,
          "terrainBlendMode": 1
        },
        {
          "type": "TransformDefinitionComponent",
          "name": "entity_torso_TransformDefinition",
          "position": { "x": -0.717, "y": 0.0, "z": 3.387 },
          "orientation": {
            "x": 0.0,
            "y": 0.707106769,
            "z": 0.0,
            "w": 0.707106769
          },
          "scale": { "x": 1.0, "y": 1.0, "z": 1.0 },
          "inheritOnlyPosition": false
        }
      ]
    },
    {
      "type": "Entity",
      "name": "entity_root",
      "id": 1259551842,
      "components": [
        {
          "type": "VfxDefinitionComponent",
          "name": "entity_root_VfxDefinition",
          "filename": "data/hd/vfx/particles/character/enemy/valkyrie/valkyrie_aura.particles",
          "hardKillOnDestroy": false
        },
        {
            "type": "TransformDefinitionComponent",
            "name": "vfx_TransformDefinition",
            "position": {
                "x": 2.0,
                "y": 0.0,
                "z": 2.5
            },
            "orientation": {
                "x": 0.0,
                "y": 0.0,
                "z": 0.0,
                "w": 1.0
            },
            "scale": {
                "x": 1.0,
                "y": 1.0,
                "z": 1.0
            },
            "inheritOnlyPosition": false
        }
      ]
    }
  ]
}
