{
  "dependencies": {
    "particles": [],
    "models": [
      {
        "path": "data/hd/objects/characters/dead_palace_guard/model/torso.model"
      }
    ],
    "skeletons": [
      {
        "path": "data/hd/objects/characters/dead_palace_guard/skeleton/dead_palace_guard.skeleton"
      }
    ],
    "animations": [],
    "textures": [
      { "path": "data/hd/character/common/common_hair2_FLOW.texture" },
      { "path": "data/hd/character/common/common_hair2_HRT.texture" },
      { "path": "data/hd/character/common/common_ktint.texture" },
      {
        "path": "data/hd/character/npc/act2guard1/textures/act2guard1_hair_ALB.texture"
      },
      {
        "path": "data/hd/objects/characters/dead_palace_guard/textures/Dead_Palace_Guard_bloodplane_mat_alb.texture"
      },
      {
        "path": "data/hd/objects/characters/dead_palace_guard/textures/Dead_Palace_Guard_bloodplane_mat_nrm.texture"
      },
      {
        "path": "data/hd/objects/characters/dead_palace_guard/textures/Dead_Palace_Guard_bloodplane_mat_orm.texture"
      },
      {
        "path": "data/hd/objects/characters/dead_palace_guard/textures/Dead_Palace_Guard_body_mat_alb.texture"
      },
      {
        "path": "data/hd/objects/characters/dead_palace_guard/textures/Dead_Palace_Guard_body_mat_nrm.texture"
      },
      {
        "path": "data/hd/objects/characters/dead_palace_guard/textures/Dead_Palace_Guard_body_mat_orm.texture"
      },
      {
        "path": "data/hd/objects/characters/dead_palace_guard/textures/Dead_Palace_Guard_buckler_mat_alb.texture"
      },
      {
        "path": "data/hd/objects/characters/dead_palace_guard/textures/Dead_Palace_Guard_buckler_mat_nrm.texture"
      },
      {
        "path": "data/hd/objects/characters/dead_palace_guard/textures/Dead_Palace_Guard_buckler_mat_orm.texture"
      },
      {
        "path": "data/hd/objects/characters/dead_palace_guard/textures/Dead_Palace_Guard_clothing_mat_alb.texture"
      },
      {
        "path": "data/hd/objects/characters/dead_palace_guard/textures/Dead_Palace_Guard_clothing_mat_nrm.texture"
      },
      {
        "path": "data/hd/objects/characters/dead_palace_guard/textures/Dead_Palace_Guard_clothing_mat_orm.texture"
      },
      {
        "path": "data/hd/objects/characters/dead_palace_guard/textures/Dead_Palace_Guard_face_mat_alb.texture"
      },
      {
        "path": "data/hd/objects/characters/dead_palace_guard/textures/Dead_Palace_Guard_face_mat_nrm.texture"
      },
      {
        "path": "data/hd/objects/characters/dead_palace_guard/textures/Dead_Palace_Guard_face_mat_orm.texture"
      },
      {
        "path": "data/hd/objects/characters/dead_palace_guard/textures/Dead_Palace_Guard_scabbard_mat_alb.texture"
      },
      {
        "path": "data/hd/objects/characters/dead_palace_guard/textures/Dead_Palace_Guard_scabbard_mat_nrm.texture"
      },
      {
        "path": "data/hd/objects/characters/dead_palace_guard/textures/Dead_Palace_Guard_scabbard_mat_orm.texture"
      }
    ],
    "physics": [],
    "json": [
      {
        "path": "data/hd/objects/characters/dead_palace_guard/dead_palace_guard_state_machine.json"
      }
    ],
    "variantdata": [],
    "objecteffects": [],
    "other": []
  },
  "type": "UnitDefinition",
  "name": "dead_palace_guard",
  "entities": [
    {
      "type": "Entity",
      "name": "entity_root",
      "id": 3245679258,
      "components": [
        {
          "type": "UnitRootComponent",
          "name": "component_root",
          "state_machine_filename": "data/hd/objects/characters/dead_palace_guard/dead_palace_guard_state_machine.json",
          "doNotInheritRotation": false,
          "rotationOverride": {
            "x": 0.0,
            "y": 0.3826834,
            "z": 0.0,
            "w": 0.9238795
          },
          "doNotUseHDHeight": false,
          "hideAllMeshWhenInOpenedMode": false,
          "onCreateEventName": "",
          "animations": []
        },
        {
          "type": "SkeletonDefinitionComponent",
          "name": "component_skeleton",
          "filename": "data/hd/objects/characters/dead_palace_guard/skeleton/dead_palace_guard.skeleton"
        },
        {
          "type": "DeadAnimationSpeedOverrideComponent",
          "name": "entity_root_DeadAnimationSpeedOverride",
          "speed": 1.0
        }
      ]
    },
    {
      "type": "Entity",
      "name": "entity_torso",
      "id": 4101002835,
      "components": [
        {
          "type": "UnitPartComponent",
          "name": "component_part_torso",
          "part": "torso",
          "variant": "lit"
        },
        {
          "type": "ModelDefinitionComponent",
          "name": "component_model_torso",
          "filename": "data/hd/objects/characters/dead_palace_guard/model/torso.model",
          "visibleLayers": 1,
          "lightMask": 19,
          "shadowMask": 3,
          "ghostShadows": false,
          "floorModel": true,
          "terrainBlendEnableYUpBlend": false,
          "terrainBlendMode": 1
        }
      ]
    },
    {
        "type": "Entity",
        "name": "vfx",
        "id": 856925902,
        "components": [
            {
                "type": "VfxDefinitionComponent",
                "name": "vfx_VfxDefinition",
                "filename": "data/hd/vfx/particles/objects/shrines_other/shrine_baal_magic/vfx_shrine_baal_magic.particles",
                "hardKillOnDestroy": false
            },
            {
                "type": "TransformDefinitionComponent",
                "name": "vfx_TransformDefinition",
                "position": {
                    "x": 0.0,
                    "y": -1.5,
                    "z": 1.0
                },
                "orientation": {
                    "x": 0.0,
                    "y": 0.0,
                    "z": 0.0,
                    "w": 1.0
                },
                "scale": {
                    "x": 1.0,
                    "y": 1.0,
                    "z": 1.0
                },
                "inheritOnlyPosition": false
            }
        ]
    }
  ]
}
