{
  "dependencies": {
    "particles": [],
    "models": [
      {
        "path": "data/hd/objects/characters/guard_corpse_2_act_2/model/torso.model"
      }
    ],
    "skeletons": [
      {
        "path": "data/hd/objects/characters/guard_corpse_2_act_2/skeleton/guard_corpse_2_act_2.skeleton"
      }
    ],
    "animations": [],
    "textures": [
      { "path": "data/hd/character/common/common_hair2_FLOW.texture" },
      { "path": "data/hd/character/common/common_hair2_HRT.texture" },
      { "path": "data/hd/character/common/common_ktint.texture" },
      {
        "path": "data/hd/character/npc/act2guard1/textures/act2guard1_hair_ALB.texture"
      },
      {
        "path": "data/hd/objects/characters/guard_corpse_2_act_2/textures/armor_alb.texture"
      },
      {
        "path": "data/hd/objects/characters/guard_corpse_2_act_2/textures/armor_nrm.texture"
      },
      {
        "path": "data/hd/objects/characters/guard_corpse_2_act_2/textures/armor_orm.texture"
      },
      {
        "path": "data/hd/objects/characters/guard_corpse_2_act_2/textures/bloodplane_alb.texture"
      },
      {
        "path": "data/hd/objects/characters/guard_corpse_2_act_2/textures/bloodplane_nrm.texture"
      },
      {
        "path": "data/hd/objects/characters/guard_corpse_2_act_2/textures/bloodplane_orm.texture"
      },
      {
        "path": "data/hd/objects/characters/guard_corpse_2_act_2/textures/body_alb.texture"
      },
      {
        "path": "data/hd/objects/characters/guard_corpse_2_act_2/textures/body_nrm.texture"
      },
      {
        "path": "data/hd/objects/characters/guard_corpse_2_act_2/textures/body_orm.texture"
      },
      {
        "path": "data/hd/objects/characters/guard_corpse_2_act_2/textures/head_alb.texture"
      },
      {
        "path": "data/hd/objects/characters/guard_corpse_2_act_2/textures/head_nrm.texture"
      },
      {
        "path": "data/hd/objects/characters/guard_corpse_2_act_2/textures/head_orm.texture"
      },
      {
        "path": "data/hd/objects/characters/guard_corpse_2_act_2/textures/scabbard_alb.texture"
      },
      {
        "path": "data/hd/objects/characters/guard_corpse_2_act_2/textures/scabbard_nrm.texture"
      },
      {
        "path": "data/hd/objects/characters/guard_corpse_2_act_2/textures/scabbard_orm.texture"
      },
      {
        "path": "data/hd/objects/characters/guard_corpse_2_act_2/textures/sword_alb.texture"
      },
      {
        "path": "data/hd/objects/characters/guard_corpse_2_act_2/textures/sword_nrm.texture"
      },
      {
        "path": "data/hd/objects/characters/guard_corpse_2_act_2/textures/sword_orm.texture"
      }
    ],
    "physics": [],
    "json": [
      {
        "path": "data/hd/objects/characters/guard_corpse_2_act_2/guard_corpse_2_act_2_state_machine.json"
      }
    ],
    "variantdata": [],
    "objecteffects": [],
    "other": []
  },
  "type": "UnitDefinition",
  "name": "guard_corpse_2_act_2",
  "entities": [
    {
      "type": "Entity",
      "name": "entity_root",
      "id": 1595038302,
      "components": [
        {
          "type": "UnitRootComponent",
          "name": "component_root",
          "state_machine_filename": "data/hd/objects/characters/guard_corpse_2_act_2/guard_corpse_2_act_2_state_machine.json",
          "doNotInheritRotation": false,
          "rotationOverride": {
            "x": 0.0,
            "y": 0.3826834,
            "z": 0.0,
            "w": 0.9238795
          },
          "doNotUseHDHeight": false,
          "hideAllMeshWhenInOpenedMode": false,
          "onCreateEventName": "",
          "animations": []
        },
        {
          "type": "SkeletonDefinitionComponent",
          "name": "component_skeleton",
          "filename": "data/hd/objects/characters/guard_corpse_2_act_2/skeleton/guard_corpse_2_act_2.skeleton"
        },
        {
          "type": "TransformDefinitionComponent",
          "name": "entity_root_TransformDefinition",
          "position": { "x": 0.0, "y": 0.0, "z": 0.0 },
          "orientation": { "x": 0.0, "y": 0.0, "z": 0.0, "w": 1.0 },
          "scale": { "x": 1.0, "y": 1.0, "z": 1.0 },
          "inheritOnlyPosition": false
        }
      ]
    },
    {
      "type": "Entity",
      "name": "entity_torso",
      "id": 2450362134,
      "components": [
        {
          "type": "UnitPartComponent",
          "name": "component_part_torso",
          "part": "torso",
          "variant": "lit"
        },
        {
          "type": "ModelDefinitionComponent",
          "name": "component_model_torso",
          "filename": "data/hd/objects/characters/guard_corpse_2_act_2/model/torso.model",
          "visibleLayers": 1,
          "lightMask": 19,
          "shadowMask": 3,
          "ghostShadows": false,
          "floorModel": true,
          "terrainBlendEnableYUpBlend": false,
          "terrainBlendMode": 1
        }
      ]
    },
    {
        "type": "Entity",
        "name": "vfx",
        "id": 856925902,
        "components": [
            {
                "type": "VfxDefinitionComponent",
                "name": "vfx_VfxDefinition",
                "filename": "data/hd/vfx/particles/objects/shrines_other/shrine_baal_magic/vfx_shrine_baal_magic.particles",
                "hardKillOnDestroy": false
            },
            {
                "type": "TransformDefinitionComponent",
                "name": "vfx_TransformDefinition",
                "position": {
                    "x": 3.0,
                    "y": -1.0,
                    "z": 3.5
                },
                "orientation": {
                    "x": 0.0,
                    "y": 0.0,
                    "z": 0.0,
                    "w": 1.0
                },
                "scale": {
                    "x": 1.0,
                    "y": 1.0,
                    "z": 1.0
                },
                "inheritOnlyPosition": false
            }
        ]
    }
  ]
}
