{
  "dependencies": {
    "particles": [],
    "models": [
      {
        "path": "data/hd/objects/characters/rogue_rolling_corpse_1/model/torso.model"
      }
    ],
    "skeletons": [
      {
        "path": "data/hd/objects/characters/rogue_rolling_corpse_1/skeleton/rogue_rolling_corpse_1.skeleton"
      }
    ],
    "animations": [],
    "textures": [
      { "path": "data/hd/character/common/common_hair1_FLOW.texture" },
      { "path": "data/hd/character/common/common_hair1_HRT.texture" },
      { "path": "data/hd/character/common/common_ktint.texture" },
      { "path": "data/hd/character/npc/navi/textures/navi_body_SSS.texture" },
      { "path": "data/hd/character/npc/navi/textures/navi_head_SSS.texture" },
      {
        "path": "data/hd/objects/characters/rogue_rolling_corpse_1/textures/rogue_rolling_corpse_bloodplane_alb.texture"
      },
      {
        "path": "data/hd/objects/characters/rogue_rolling_corpse_1/textures/rogue_rolling_corpse_bloodplane_nrm.texture"
      },
      {
        "path": "data/hd/objects/characters/rogue_rolling_corpse_1/textures/rogue_rolling_corpse_bloodplane_orm.texture"
      },
      {
        "path": "data/hd/objects/characters/rogue_rolling_corpse_1/textures/rogue_rolling_corpse_body_alb.texture"
      },
      {
        "path": "data/hd/objects/characters/rogue_rolling_corpse_1/textures/rogue_rolling_corpse_body_nrm.texture"
      },
      {
        "path": "data/hd/objects/characters/rogue_rolling_corpse_1/textures/rogue_rolling_corpse_body_orm.texture"
      },
      {
        "path": "data/hd/objects/characters/rogue_rolling_corpse_1/textures/rogue_rolling_corpse_hair_ALB.texture"
      },
      {
        "path": "data/hd/objects/characters/rogue_rolling_corpse_1/textures/rogue_rolling_corpse_head_alb.texture"
      },
      {
        "path": "data/hd/objects/characters/rogue_rolling_corpse_1/textures/rogue_rolling_corpse_head_nrm.texture"
      },
      {
        "path": "data/hd/objects/characters/rogue_rolling_corpse_1/textures/rogue_rolling_corpse_head_orm.texture"
      },
      {
        "path": "data/hd/objects/characters/rogue_rolling_corpse_1/textures/rogue_rolling_corpse_outfit_alb.texture"
      },
      {
        "path": "data/hd/objects/characters/rogue_rolling_corpse_1/textures/rogue_rolling_corpse_outfit_nrm.texture"
      },
      {
        "path": "data/hd/objects/characters/rogue_rolling_corpse_1/textures/rogue_rolling_corpse_outfit_orm.texture"
      },
      {
        "path": "data/hd/objects/characters/rogue_rolling_corpse_1/textures/rogue_rolling_corpse_sword_alb.texture"
      },
      {
        "path": "data/hd/objects/characters/rogue_rolling_corpse_1/textures/rogue_rolling_corpse_sword_nrm.texture"
      },
      {
        "path": "data/hd/objects/characters/rogue_rolling_corpse_1/textures/rogue_rolling_corpse_sword_orm.texture"
      },
      {
        "path": "data/hd/objects/characters/rogue_rolling_corpse_1/textures/rogue_rolling_corpse_wound_alb.texture"
      },
      {
        "path": "data/hd/objects/characters/rogue_rolling_corpse_1/textures/rogue_rolling_corpse_wound_nrm.texture"
      },
      {
        "path": "data/hd/objects/characters/rogue_rolling_corpse_1/textures/rogue_rolling_corpse_wound_orm.texture"
      }
    ],
    "physics": [],
    "json": [
      {
        "path": "data/hd/objects/characters/rogue_rolling_corpse_1/rogue_rolling_corpse_1_state_machine.json"
      }
    ],
    "variantdata": [],
    "objecteffects": [],
    "other": []
  },
  "type": "UnitDefinition",
  "name": "rogue_rolling_corpse_1",
  "entities": [
    {
      "type": "Entity",
      "name": "entity_root",
      "id": 1671887762,
      "components": [
        {
          "type": "UnitRootComponent",
          "name": "component_root",
          "state_machine_filename": "data/hd/objects/characters/rogue_rolling_corpse_1/rogue_rolling_corpse_1_state_machine.json",
          "doNotInheritRotation": false,
          "rotationOverride": {
            "x": 0.0,
            "y": 0.3826834,
            "z": 0.0,
            "w": 0.9238795
          },
          "doNotUseHDHeight": false,
          "hideAllMeshWhenInOpenedMode": false,
          "onCreateEventName": "",
          "animations": []
        },
        {
          "type": "SkeletonDefinitionComponent",
          "name": "component_skeleton",
          "filename": "data/hd/objects/characters/rogue_rolling_corpse_1/skeleton/rogue_rolling_corpse_1.skeleton"
        },
        {
          "type": "TransformDefinitionComponent",
          "name": "entity_root_TransformDefinition",
          "position": { "x": 0.0, "y": 0.0, "z": 0.0 },
          "orientation": { "x": 0.0, "y": 0.0, "z": 0.0, "w": 1.0 },
          "scale": { "x": 1.15, "y": 1.15, "z": 1.15 },
          "inheritOnlyPosition": false
        }
      ]
    },
    {
      "type": "Entity",
      "name": "entity_torso",
      "id": 2220977439,
      "components": [
        {
          "type": "UnitPartComponent",
          "name": "component_part_torso",
          "part": "torso",
          "variant": "lit"
        },
        {
          "type": "ModelDefinitionComponent",
          "name": "component_model_torso",
          "filename": "data/hd/objects/characters/rogue_rolling_corpse_1/model/torso.model",
          "visibleLayers": 1,
          "lightMask": 19,
          "shadowMask": 3,
          "ghostShadows": false,
          "floorModel": true,
          "terrainBlendEnableYUpBlend": false,
          "terrainBlendMode": 1
        }
      ]
    },
    {
        "type": "Entity",
        "name": "vfx",
        "id": 856925902,
        "components": [
            {
                "type": "VfxDefinitionComponent",
                "name": "vfx_VfxDefinition",
                "filename": "data/hd/vfx/particles/objects/shrines_other/shrine_baal_magic/vfx_shrine_baal_magic.particles",
                "hardKillOnDestroy": false
            },
            {
                "type": "TransformDefinitionComponent",
                "name": "vfx_TransformDefinition",
                "position": {
                    "x": 0.5,
                    "y": -1.5,
                    "z": 0.5
                },
                "orientation": {
                    "x": 0.0,
                    "y": 0.0,
                    "z": 0.0,
                    "w": 1.0
                },
                "scale": {
                    "x": 1.0,
                    "y": 1.0,
                    "z": 1.0
                },
                "inheritOnlyPosition": false
            }
        ]
    }
  ]
}
