{
  "dependencies": {
    "particles": [
      {
        "path": "data/hd/vfx/particles/objects/goo_pile/vfx_goo_pile.particles"
      }
    ],
    "models": [
      { "path": "data/hd/objects/env_organic/goo_pile/model/torso.model" },
      { "path": "data/hd/vfx/meshes/FX_Mesh_EnergyShield.model" }
    ],
    "skeletons": [
      {
        "path": "data/hd/objects/env_organic/goo_pile/skeleton/goo_pile.skeleton"
      }
    ],
    "animations": [],
    "textures": [
      {
        "path": "data/hd/objects/env_organic/goo_pile/texture/objects_env_organic_goo_pile_01_alb.texture"
      },
      {
        "path": "data/hd/objects/env_organic/goo_pile/texture/objects_env_organic_goo_pile_01_nrm.texture"
      },
      {
        "path": "data/hd/objects/env_organic/goo_pile/texture/objects_env_organic_goo_pile_01_orm.texture"
      },
      {
        "path": "data/hd/objects/env_organic/goo_pile/texture/objects_env_organic_goo_pile_02_alb.texture"
      },
      {
        "path": "data/hd/objects/env_organic/goo_pile/texture/objects_env_organic_goo_pile_02_nrm.texture"
      },
      {
        "path": "data/hd/objects/env_organic/goo_pile/texture/objects_env_organic_goo_pile_02_orm.texture"
      },
      { "path": "data/hd/vfx/textures/noise/T_FX_perlin_noise.texture" }
    ],
    "physics": [],
    "json": [
      {
        "path": "data/hd/objects/env_organic/goo_pile/goo_pile_state_machine.json"
      }
    ],
    "variantdata": [],
    "objecteffects": [],
    "other": []
  },
  "type": "UnitDefinition",
  "name": "goo_pile",
  "entities": [
    {
      "type": "Entity",
      "name": "entity_root",
      "id": 3557503281,
      "components": [
        {
          "type": "UnitRootComponent",
          "name": "component_root",
          "state_machine_filename": "data/hd/objects/env_organic/goo_pile/goo_pile_state_machine.json",
          "doNotInheritRotation": false,
          "rotationOverride": {
            "x": 0.0,
            "y": 0.3826834,
            "z": 0.0,
            "w": 0.9238795
          },
          "doNotUseHDHeight": false,
          "hideAllMeshWhenInOpenedMode": false,
          "onCreateEventName": "",
          "animations": []
        },
        {
          "type": "SkeletonDefinitionComponent",
          "name": "component_skeleton",
          "filename": "data/hd/objects/env_organic/goo_pile/skeleton/goo_pile.skeleton"
        }
      ]
    },
    {
      "type": "Entity",
      "name": "entity_torso",
      "id": 117860073,
      "components": [
        {
          "type": "UnitPartComponent",
          "name": "component_part_torso",
          "part": "torso",
          "variant": "lit"
        },
        {
          "type": "ModelDefinitionComponent",
          "name": "component_model_torso",
          "filename": "data/hd/objects/env_organic/goo_pile/model/torso.model",
          "visibleLayers": 9,
          "lightMask": 19,
          "shadowMask": 3,
          "ghostShadows": false,
          "floorModel": false,
          "terrainBlendEnableYUpBlend": false,
          "terrainBlendMode": 1
        }
      ]
    },
    {
      "type": "Entity",
      "name": "entity_vfx",
      "id": 4095497511,
      "components": [
        {
          "type": "VfxDefinitionComponent",
          "name": "entity_vfx_VfxDefinition",
          "filename": "data/hd/vfx/particles/objects/goo_pile/vfx_goo_pile.particles",
          "hardKillOnDestroy": false
        }
      ]
    },
    {
        "type": "Entity",
        "name": "vfx",
        "id": 856925902,
        "components": [
            {
                "type": "VfxDefinitionComponent",
                "name": "vfx_VfxDefinition",
                "filename": "data/hd/vfx/particles/objects/shrines_other/shrine_baal_magic/vfx_shrine_baal_magic.particles",
                "hardKillOnDestroy": false
            },
            {
                "type": "TransformDefinitionComponent",
                "name": "vfx_TransformDefinition",
                "position": {
                    "x": 0.5,
                    "y": -1.0,
                    "z": 1.5
                },
                "orientation": {
                    "x": 0.0,
                    "y": 0.0,
                    "z": 0.0,
                    "w": 1.0
                },
                "scale": {
                    "x": 1.0,
                    "y": 1.0,
                    "z": 1.0
                },
                "inheritOnlyPosition": false
            }
        ]
    }
  ]
}
