{
    "name": "GreedyGoblin",
    "rules": [
        {
            "name": "All Items",
            "enabled": false,
            "ruleType": "show",
            "filterEtherealSocketed": true,
            "equipmentRarity": [
                "rare",
                "lowQuality",
                "magic",
                "unique",
                "set",
                "hiQuality",
                "normal"
            ],
            "equipmentQuality": [
                "normal",
                "exceptional",
                "elite"
            ],
            "equipmentCategory": [
                "acce",
                "weap",
                "armo"
            ],
            "itemCategory": [
                "misc"
            ],
            "goldFilterValue": 1
        },
        {
            "name": "Scrolls and All Pots",
            "enabled": false,
            "ruleType": "show",
            "filterEtherealSocketed": false,
            "itemCategory": [
                "potis"
            ],
            "itemCode": [
                "isc",
                "tsc"
            ]
        },
        {
            "name": "Super and 35-Rejuv Pots",
            "enabled": false,
            "ruleType": "show",
            "filterEtherealSocketed": false,
            "itemCode": [
                "hp5",
                "mp5",
                "rvs"
            ]
        },
        {
            "name": "Chipped/Flawed/Normal Gems",
            "enabled": false,
            "ruleType": "show",
            "filterEtherealSocketed": false,
            "itemCode": [
                "gfg",
                "gsw",
                "gsb",
                "gfv",
                "gfw",
                "skf",
                "gfr",
                "gfy",
                "gcb",
                "gcv",
                "gsg",
                "gcy",
                "gsr",
                "gsy",
                "gfb",
                "sku",
                "gsv",
                "gcw",
                "skc",
                "gcr",
                "gcg"
            ]
        },
        {
            "name": "Flawless Gems",
            "enabled": true,
            "ruleType": "show",
            "filterEtherealSocketed": false,
            "itemCode": [
                "skl",
                "gzv",
                "glg",
                "gly",
                "glb",
                "glr",
                "glw"
            ]
        },
        {
            "name": "////Bases",
            "enabled": false,
            "ruleType": "show",
            "filterEtherealSocketed": false
        },
        {
            "name": "Claw Bases",
            "enabled": false,
            "ruleType": "show",
            "filterEtherealSocketed": true,
            "equipmentRarity": [
                "hiQuality",
                "normal"
            ],
            "equipmentQuality": [
                "normal",
                "exceptional",
                "elite"
            ],
            "equipmentItemCode": [
                "7lw",
                "9ar",
                "7qr",
                "9lw",
                "skr",
                "7ar",
                "7tw",
                "9tw",
                "btl",
                "9qr",
                "clw"
            ]
        },
        {
            "name": "Paladin Shield Bases",
            "enabled": false,
            "ruleType": "show",
            "filterEtherealSocketed": true,
            "equipmentRarity": [
                "hiQuality"
            ],
            "equipmentQuality": [
                "normal",
                "exceptional",
                "elite"
            ],
            "equipmentCategory": [
                "palad"
            ]
        },
        {
            "name": "Barb/Druid Helmets",
            "enabled": false,
            "ruleType": "show",
            "filterEtherealSocketed": true,
            "equipmentRarity": [
                "hiQuality",
                "normal"
            ],
            "equipmentQuality": [
                "normal",
                "exceptional",
                "elite"
            ],
            "equipmentCategory": [
                "druid",
                "barbh"
            ]
        },
        {
            "name": "Necro Shield/Wand Bases",
            "enabled": false,
            "ruleType": "show",
            "filterEtherealSocketed": true,
            "equipmentRarity": [
                "hiQuality",
                "normal"
            ],
            "equipmentQuality": [
                "normal",
                "exceptional",
                "elite"
            ],
            "equipmentCategory": [
                "necro"
            ],
            "equipmentItemCode": [
                "7bw",
                "7yw",
                "7wn",
                "9yw",
                "7gw",
                "9bw",
                "gwn",
                "9gw",
                "bwn"
            ]
        },
        {
            "name": "Warlock Shield/Dagger Bases",
            "enabled": true,
            "ruleType": "show",
            "filterEtherealSocketed": true,
            "equipmentRarity": [
                "hiQuality",
                "normal"
            ],
            "equipmentQuality": [
                "normal",
                "exceptional",
                "elite"
            ],
            "equipmentCategory": [
                "warlo"
            ],
            "equipmentItemCode": [
                "kri",
                "9kr",
                "7kr"
            ]
        },
        {
            "name": "Sock/Eth Normal Armor Bases",
            "enabled": false,
            "ruleType": "show",
            "filterEtherealSocketed": true,
            "equipmentRarity": [
                "hiQuality"
            ],
            "equipmentQuality": [
                "normal"
            ],
            "equipmentItemCode": [
                "qui",
                "bsh",
                "lea",
                "brs",
                "tow",
                "stu",
                "ltp",
                "ghm",
                "lrg",
                "hla",
                "kit",
                "crn",
                "msk"
            ]
        },
        {
            "name": "Sock/Eth Normal Wpn Bases",
            "enabled": false,
            "ruleType": "show",
            "filterEtherealSocketed": true,
            "equipmentRarity": [
                "hiQuality"
            ],
            "equipmentQuality": [
                "normal"
            ],
            "equipmentItemCode": [
                "scy",
                "gis",
                "gix",
                "brn",
                "wsp",
                "wsc",
                "lst",
                "clm",
                "spt",
                "spr",
                "gwn",
                "btl",
                "hal",
                "bst",
                "bwn",
                "wsd",
                "mxb",
                "kri",
                "lbw",
                "skr",
                "swb",
                "sst",
                "sbr",
                "bsw",
                "axe",
                "lbb",
                "cbw",
                "bsd",
                "ktr",
                "gsc",
                "cst",
                "sbb",
                "gax",
                "pik",
                "pax",
                "hxb",
                "hbw",
                "2hs",
                "flc",
                "2ax",
                "bax",
                "vou",
                "gsd",
                "whm",
                "fla",
                "rxb",
                "flb",
                "btx",
                "clw",
                "lwb",
                "wax",
                "crs"
            ]
        },
        {
            "name": "Sock/Eth Exc Helms/Shield Bases",
            "enabled": false,
            "ruleType": "show",
            "filterEtherealSocketed": true,
            "equipmentRarity": [
                "hiQuality"
            ],
            "equipmentQuality": [
                "exceptional"
            ],
            "equipmentCategory": [
                "shlds",
                "helms"
            ]
        },
        {
            "name": "Sock/Eth Exceptional Armor Bases",
            "enabled": false,
            "ruleType": "show",
            "filterEtherealSocketed": true,
            "equipmentQuality": [
                "exceptional"
            ],
            "equipmentCategory": [
                "armor"
            ]
        },
        {
            "name": "Sock/Eth Exceptional Wpn Bases",
            "enabled": false,
            "ruleType": "show",
            "filterEtherealSocketed": true,
            "equipmentQuality": [
                "exceptional"
            ],
            "equipmentCategory": [
                "bows",
                "xbows",
                "scept"
            ],
            "equipmentItemCode": [
                "8bs",
                "8cs",
                "9st",
                "9p9",
                "9yw",
                "8ws",
                "9h9",
                "9s8",
                "9fl",
                "9wc",
                "9pa",
                "9vo",
                "9kr",
                "9br",
                "9sr",
                "9bw",
                "9gw"
            ]
        },
        {
            "name": "Sock/Eth/Sup Elite Bases",
            "enabled": true,
            "ruleType": "show",
            "filterEtherealSocketed": true,
            "equipmentRarity": [
                "hiQuality"
            ],
            "equipmentQuality": [
                "elite"
            ],
            "equipmentCategory": [
                "wands",
                "bows",
                "shlds",
                "armor",
                "xbows",
                "circl",
                "scept"
            ],
            "equipmentItemCode": [
                "7bt",
                "7wc",
                "7gi",
                "6bs",
                "72h",
                "7br",
                "7bs",
                "7s8",
                "7wd",
                "7pa",
                "urn",
                "7wa",
                "amc",
                "uhm",
                "7sr",
                "usk",
                "amb",
                "7ba",
                "7gd",
                "6ss",
                "7cm",
                "7p7",
                "72a",
                "7ga",
                "7kr",
                "7st",
                "6cs",
                "7gs",
                "ame",
                "amd",
                "7fb",
                "7cr",
                "7vo",
                "6ws",
                "7h7",
                "7b7"
            ]
        },
        {
            "name": "////Rare Items",
            "enabled": false,
            "ruleType": "show",
            "filterEtherealSocketed": false
        },
        {
            "name": "Rare Gloves/Boots",
            "enabled": true,
            "ruleType": "show",
            "filterEtherealSocketed": false,
            "equipmentRarity": [
                "rare"
            ],
            "equipmentQuality": [
                "normal",
                "exceptional",
                "elite"
            ],
            "equipmentCategory": [
                "glove",
                "boots"
            ]
        },
        {
            "name": "Rare Circlets/Belts",
            "enabled": true,
            "ruleType": "show",
            "filterEtherealSocketed": false,
            "equipmentRarity": [
                "rare"
            ],
            "equipmentQuality": [
                "elite"
            ],
            "equipmentCategory": [
                "circl",
                "belts"
            ]
        },
        {
            "name": "////Class Items",
            "enabled": false,
            "ruleType": "show",
            "filterEtherealSocketed": false
        },
        {
            "name": "All Classes Magic/Rare",
            "enabled": false,
            "ruleType": "show",
            "filterEtherealSocketed": false,
            "equipmentRarity": [
                "rare",
                "magic"
            ],
            "equipmentQuality": [
                "normal",
                "exceptional",
                "elite"
            ],
            "equipmentCategory": [
                "warlo"
            ],
            "equipmentItemCode": [
                "pa7",
                "drd",
                "dr8",
                "am5",
                "9dg",
                "obb",
                "ba7",
                "ba4",
                "pa9",
                "9wn",
                "gwn",
                "btl",
                "pab",
                "7wb",
                "bld",
                "am8",
                "amc",
                "kri",
                "skr",
                "ama",
                "dr7",
                "amb",
                "pa4",
                "ne2",
                "nea",
                "7gw",
                "9gw",
                "7dg",
                "am4",
                "bad",
                "ob7",
                "paa",
                "dr3",
                "ba5",
                "drf",
                "9bl",
                "dr5",
                "7qr",
                "ame",
                "nef",
                "9yw",
                "ob4",
                "pa6",
                "9qr",
                "pa2",
                "obc",
                "7di",
                "7lw",
                "ne7",
                "ne5",
                "axf",
                "neb",
                "ces",
                "pa5",
                "7tw",
                "am2",
                "7cs",
                "9cs",
                "am7",
                "clw",
                "am9",
                "ba2",
                "7bw",
                "wrb",
                "obe",
                "ne6",
                "7xf",
                "7bl",
                "obd",
                "ba9",
                "9xf",
                "dr2",
                "dir",
                "dr6",
                "oba",
                "dre",
                "9tw",
                "baa",
                "dr9",
                "ba8",
                "ne9",
                "9wb",
                "bwn",
                "pac",
                "7yw",
                "dra",
                "9lw",
                "amf",
                "bac",
                "ob2",
                "ne8",
                "ob3",
                "7ar",
                "baf",
                "ob6",
                "9bw",
                "obf",
                "ob8",
                "pae",
                "ned",
                "nee",
                "ob5",
                "ba3",
                "7kr",
                "9ar",
                "pa3",
                "ba6",
                "am6",
                "amd",
                "bae",
                "pa8",
                "pad",
                "ne3",
                "7wn",
                "ne4",
                "drb",
                "ywn",
                "9kr",
                "9di",
                "ob9",
                "neg",
                "dr4",
                "bab",
                "paf",
                "drc",
                "am3"
            ]
        },
        {
            "name": "Rare Barb/Druid Helmets",
            "enabled": false,
            "ruleType": "show",
            "filterEtherealSocketed": false,
            "equipmentRarity": [
                "rare"
            ],
            "equipmentQuality": [
                "normal",
                "exceptional",
                "elite"
            ],
            "equipmentCategory": [
                "druid",
                "barbh"
            ]
        },
        {
            "name": "Magic/Rare Javazon/Sin Weapons",
            "enabled": true,
            "ruleType": "show",
            "filterEtherealSocketed": false,
            "equipmentRarity": [
                "rare",
                "magic"
            ],
            "equipmentQuality": [
                "normal",
                "exceptional",
                "elite"
            ],
            "equipmentItemCode": [
                "7lw",
                "am5",
                "7xf",
                "7qr",
                "ama",
                "amf",
                "7ar",
                "7tw",
                "7cs",
                "7wb"
            ]
        },
        {
            "name": "Warlock/Necro Rare Shield",
            "enabled": true,
            "ruleType": "show",
            "filterEtherealSocketed": false,
            "equipmentRarity": [
                "rare"
            ],
            "equipmentQuality": [
                "normal",
                "exceptional",
                "elite"
            ],
            "equipmentCategory": [
                "necro",
                "warlo"
            ]
        },
        {
            "name": "Non-Unique/Non-Zon Thrown Weapon",
            "enabled": false,
            "ruleType": "show",
            "filterEtherealSocketed": true,
            "equipmentRarity": [
                "rare",
                "lowQuality",
                "magic",
                "hiQuality",
                "normal"
            ],
            "equipmentQuality": [
                "normal",
                "exceptional",
                "elite"
            ],
            "equipmentCategory": [
                "javel"
            ],
            "equipmentItemCode": [
                "7b8",
                "9tk",
                "bal",
                "bkf",
                "7tk",
                "tkf",
                "tax",
                "7ta",
                "9b8",
                "7bk",
                "9ta",
                "9bk"
            ]
        },
        {
            "name": "----------Hide Options----------",
            "enabled": false,
            "ruleType": "hide",
            "filterEtherealSocketed": false
        },
        {
            "name": "Pots/Scrolls/Ammo/Non-Perf Gems",
            "enabled": true,
            "ruleType": "hide",
            "filterEtherealSocketed": false,
            "equipmentItemCode": [
                "gps",
                "opl",
                "gpl",
                "gpm",
                "ops",
                "opm"
            ],
            "itemCategory": [
                "ammo"
            ],
            "itemCode": [
                "hp2",
                "gsw",
                "hp5",
                "glb",
                "gfv",
                "gfw",
                "mp1",
                "gfr",
                "skf",
                "glg",
                "mp5",
                "gfy",
                "vps",
                "isc",
                "skl",
                "gzv",
                "gfb",
                "gly",
                "hp4",
                "gsv",
                "mp2",
                "gcg",
                "hp3",
                "gfg",
                "mp4",
                "gsb",
                "hp1",
                "rvs",
                "glw",
                "gcb",
                "gcv",
                "gsg",
                "mp3",
                "tsc",
                "wms",
                "gcy",
                "gsy",
                "gsr",
                "sku",
                "gcw",
                "skc",
                "gcr",
                "yps",
                "glr"
            ],
            "goldFilterValue": 5037
        },
        {
            "name": "Magic Large Charms",
            "enabled": true,
            "ruleType": "hide",
            "filterEtherealSocketed": false,
            "equipmentRarity": [
                "magic"
            ],
            "equipmentItemCode": [
                "cm2"
            ]
        },
        {
            "name": "All White Items",
            "enabled": true,
            "ruleType": "hide",
            "filterEtherealSocketed": true,
            "equipmentRarity": [
                "lowQuality",
                "hiQuality",
                "normal"
            ],
            "equipmentQuality": [
                "normal",
                "exceptional",
                "elite"
            ],
            "equipmentCategory": [
                "sorce",
                "amazo",
                "poles",
                "daggs",
                "bows",
                "xbows",
                "maces",
                "scept",
                "stave",
                "javel",
                "spear",
                "wands",
                "armo",
                "sword",
                "axes",
                "assas"
            ],
            "equipmentItemCode": [
                "7b8",
                "9tk",
                "bkf",
                "bal",
                "7tk",
                "tkf",
                "tax",
                "7ta",
                "9b8",
                "7bk",
                "9ta",
                "9bk"
            ]
        },
        {
            "name": "All Magic Armor/Weapons",
            "enabled": true,
            "ruleType": "hide",
            "filterEtherealSocketed": false,
            "equipmentRarity": [
                "magic"
            ],
            "equipmentQuality": [
                "normal",
                "exceptional",
                "elite"
            ],
            "equipmentCategory": [
                "armo",
                "weap"
            ]
        },
        {
            "name": "All Rare Armor/Weapons",
            "enabled": true,
            "ruleType": "hide",
            "filterEtherealSocketed": false,
            "equipmentRarity": [
                "rare"
            ],
            "equipmentQuality": [
                "normal",
                "exceptional",
                "elite"
            ],
            "equipmentCategory": [
                "armo",
                "weap"
            ]
        }
    ]
}